{"cameraMode":{"drawMode":0,"name":"Shaded","section":"Shading Mode"},"sceneLighting":true,"audioPlay":false,"sceneViewState":{"m_AlwaysRefresh":false,"showFog":true,"showSkybox":true,"showFlares":true,"showImageEffects":true,"showParticleSystems":true,"showVisualEffectGraphs":true,"m_FxEnabled":true},"in2DMode":false,"pivot":{"x":2.1314926147460939,"y":4.544238090515137,"z":10.533742904663086},"rotation":{"x":-0.1441277712583542,"y":-0.060235604643821719,"z":0.008779825642704964,"w":-0.9877161383628845},"size":8.593178749084473,"orthographic":false}